{"data_time": 0.0015731499952380545, "eta_seconds": 702983.7942688137, "fast_rcnn/cls_accuracy": 0.9979998960465711, "fast_rcnn/false_negative": 1.0, "fast_rcnn/fg_cls_accuracy": 0.0, "iteration": 19, "loss_box_reg": 9.212926864624023, "loss_cls": 101.25786972045898, "loss_rpn_cls": 2.7281562089920044, "loss_rpn_loc": 2.519803524017334, "lr": 1.9981e-05, "rank_data_time": 0.0015731499952380545, "roi_head/num_bg_samples": 510.75, "roi_head/num_fg_samples": 1.0, "rpn/num_neg_anchors": 251.5, "rpn/num_pos_anchors": 4.5, "time": 17.58338654999534, "total_loss": 128.10269570350647}
{"data_time": 0.0015300999948522076, "eta_seconds": 737995.0302360624, "fast_rcnn/cls_accuracy": 0.99755859375, "fast_rcnn/false_negative": 1.0, "fast_rcnn/fg_cls_accuracy": 0.0, "iteration": 39, "loss_box_reg": 0.9198807179927826, "loss_cls": 14.557921886444092, "loss_rpn_cls": 0.49164900183677673, "loss_rpn_loc": 0.373776912689209, "lr": 3.996099999999999e-05, "rank_data_time": 0.0015300999948522076, "roi_head/num_bg_samples": 510.75, "roi_head/num_fg_samples": 1.25, "rpn/num_neg_anchors": 251.5, "rpn/num_pos_anchors": 4.5, "time": 18.48143469999195, "total_loss": 16.842459198087454}
{"data_time": 0.0015827000024728477, "eta_seconds": 736465.8736519478, "fast_rcnn/cls_accuracy": 0.99462890625, "fast_rcnn/false_negative": 1.0, "fast_rcnn/fg_cls_accuracy": 0.0, "iteration": 59, "loss_box_reg": 0.2850933074951172, "loss_cls": 6.547236680984497, "loss_rpn_cls": 0.1810295730829239, "loss_rpn_loc": 0.054737744852900505, "lr": 5.9940999999999994e-05, "rank_data_time": 0.0015827000024728477, "roi_head/num_bg_samples": 509.25, "roi_head/num_fg_samples": 2.75, "rpn/num_neg_anchors": 252.25, "rpn/num_pos_anchors": 3.75, "time": 18.416909899999155, "total_loss": 7.283286353573203}
{"data_time": 0.0015889500064076856, "eta_seconds": 735538.8462560502, "fast_rcnn/cls_accuracy": 0.9951171875, "fast_rcnn/false_negative": 1.0, "fast_rcnn/fg_cls_accuracy": 0.0, "iteration": 79, "loss_box_reg": 0.0557183139026165, "loss_cls": 2.8765355348587036, "loss_rpn_cls": 0.1843646764755249, "loss_rpn_loc": 0.04068616405129433, "lr": 7.992100000000001e-05, "rank_data_time": 0.0015889500064076856, "roi_head/num_bg_samples": 509.5, "roi_head/num_fg_samples": 2.5, "rpn/num_neg_anchors": 252.5, "rpn/num_pos_anchors": 3.5, "time": 18.419572699996934, "total_loss": 3.1683821883052588}
{"data_time": 0.001552800000354182, "eta_seconds": 735170.3398200502, "fast_rcnn/cls_accuracy": 0.9970703125, "fast_rcnn/false_negative": 1.0, "fast_rcnn/fg_cls_accuracy": 0.0, "iteration": 99, "loss_box_reg": 0.01038580248132348, "loss_cls": 1.0601807832717896, "loss_rpn_cls": 0.17474619299173355, "loss_rpn_loc": 0.031133076176047325, "lr": 9.9901e-05, "rank_data_time": 0.001552800000354182, "roi_head/num_bg_samples": 510.5, "roi_head/num_fg_samples": 1.5, "rpn/num_neg_anchors": 251.5, "rpn/num_pos_anchors": 4.5, "time": 18.425619350004126, "total_loss": 1.247491448186338}
