{"data_time": 0.0016055000014603138, "eta_seconds": 3453.6728309991304, "fast_rcnn/cls_accuracy": 0.9947470374532094, "fast_rcnn/false_negative": 1.0, "fast_rcnn/fg_cls_accuracy": 0.0, "iteration": 19, "loss_box_reg": 50.74404335021973, "loss_cls": 7.3938586711883545, "loss_rpn_cls": 4.268765091896057, "loss_rpn_loc": 2.552775502204895, "lr": 2.881e-06, "rank_data_time": 0.0016055000014603138, "roi_head/num_bg_samples": 226.5, "roi_head/num_fg_samples": 1.0, "rpn/num_neg_anchors": 253.25, "rpn/num_pos_anchors": 2.75, "time": 3.5241559499991126, "total_loss": 62.88645911216736}
{"data_time": 0.0015304499975172803, "eta_seconds": 11427.465744002257, "fast_rcnn/cls_accuracy": 0.998046875, "fast_rcnn/false_negative": 1.0, "fast_rcnn/fg_cls_accuracy": 0.0, "iteration": 39, "loss_box_reg": 6.665421485900879, "loss_cls": 10.89046049118042, "loss_rpn_cls": 0.49786676466464996, "loss_rpn_loc": 0.7868795096874237, "lr": 4.861e-06, "rank_data_time": 0.0015304499975172803, "roi_head/num_bg_samples": 511.0, "roi_head/num_fg_samples": 1.0, "rpn/num_neg_anchors": 252.75, "rpn/num_pos_anchors": 3.25, "time": 11.991212650005764, "total_loss": 19.431096747517586}
{"data_time": 0.0015579999962938018, "eta_seconds": 11368.00947400261, "fast_rcnn/cls_accuracy": 0.998046875, "fast_rcnn/false_negative": 1.0, "fast_rcnn/fg_cls_accuracy": 0.0, "iteration": 59, "loss_box_reg": 2.013330340385437, "loss_cls": 7.844514846801758, "loss_rpn_cls": 0.23246006667613983, "loss_rpn_loc": 0.3114883452653885, "lr": 6.841e-06, "rank_data_time": 0.0015579999962938018, "roi_head/num_bg_samples": 511.0, "roi_head/num_fg_samples": 1.0, "rpn/num_neg_anchors": 253.0, "rpn/num_pos_anchors": 3.0, "time": 12.468807700002799, "total_loss": 10.704413454979658}
{"data_time": 0.0015696999980718829, "eta_seconds": 11415.073282001831, "fast_rcnn/cls_accuracy": 0.998046875, "fast_rcnn/false_negative": 1.0, "fast_rcnn/fg_cls_accuracy": 0.0, "iteration": 79, "loss_box_reg": 0.6706057786941528, "loss_cls": 4.615090847015381, "loss_rpn_cls": 0.1972358673810959, "loss_rpn_loc": 0.23618865013122559, "lr": 8.821e-06, "rank_data_time": 0.0015696999980718829, "roi_head/num_bg_samples": 511.0, "roi_head/num_fg_samples": 1.0, "rpn/num_neg_anchors": 253.0, "rpn/num_pos_anchors": 3.0, "time": 14.262435249998816, "total_loss": 5.726715661585331}
{"data_time": 0.0015247500050463714, "eta_seconds": 11964.352185000462, "fast_rcnn/cls_accuracy": 0.9970703125, "fast_rcnn/false_negative": 1.0, "fast_rcnn/fg_cls_accuracy": 0.0, "iteration": 99, "loss_box_reg": 0.05190390907227993, "loss_cls": 3.6723647117614746, "loss_rpn_cls": 0.1674525961279869, "loss_rpn_loc": 0.1552622988820076, "lr": 1.0801000000000002e-05, "rank_data_time": 0.0015247500050463714, "roi_head/num_bg_samples": 510.5, "roi_head/num_fg_samples": 1.5, "rpn/num_neg_anchors": 253.5, "rpn/num_pos_anchors": 2.5, "time": 15.792368249996798, "total_loss": 4.22832290828228}
{"data_time": 0.0016132499949890189, "eta_seconds": 11865.000796002569, "fast_rcnn/cls_accuracy": 0.99755859375, "fast_rcnn/false_negative": 1.0, "fast_rcnn/fg_cls_accuracy": 0.0, "iteration": 119, "loss_box_reg": 0.018688488751649857, "loss_cls": 2.877246618270874, "loss_rpn_cls": 0.13530318439006805, "loss_rpn_loc": 0.2037283480167389, "lr": 1.2781000000000002e-05, "rank_data_time": 0.0016132499949890189, "roi_head/num_bg_samples": 510.75, "roi_head/num_fg_samples": 1.25, "rpn/num_neg_anchors": 253.0, "rpn/num_pos_anchors": 3.0, "time": 21.728063550006482, "total_loss": 3.3080665450543165}
